lr-SGD,step,train_loss_step,train_acc_step,epoch,val_loss_step,val_acc_step,val_loss_epoch,val_acc_epoch,train_loss_epoch,train_acc_epoch
0.013604144351877035,49,,,,,,,,,
,49,1.8329439163208008,0.30859375,0,,,,,,
0.024689002712665734,99,,,,,,,,,
,99,1.5412653684616089,0.4296875,0,,,,,,
0.03577386107345443,149,,,,,,,,,
,149,1.4651566743850708,0.4765625,0,,,,,,
,0,,,,1.5951542854309082,0.46875,,,,
,1,,,,1.6263649463653564,0.43359375,,,,
,2,,,,1.4492812156677246,0.48828125,,,,
,3,,,,1.555018424987793,0.46875,,,,
,4,,,,1.4653006792068481,0.5,,,,
,5,,,,1.515129804611206,0.4609375,,,,
,6,,,,1.4936388731002808,0.484375,,,,
,7,,,,1.5657830238342285,0.49609375,,,,
,8,,,,1.7024002075195312,0.40234375,,,,
,9,,,,1.6628661155700684,0.4609375,,,,
,10,,,,1.6138262748718262,0.4296875,,,,
,11,,,,1.5401365756988525,0.5390625,,,,
,12,,,,1.5589940547943115,0.45703125,,,,
,13,,,,1.578535556793213,0.4453125,,,,
,14,,,,1.592429518699646,0.484375,,,,
,15,,,,1.6526648998260498,0.45703125,,,,
,16,,,,1.5053948163986206,0.51953125,,,,
,17,,,,1.5858484506607056,0.421875,,,,
,18,,,,1.3829838037490845,0.51171875,,,,
,19,,,,1.6281383037567139,0.4375,,,,
,20,,,,1.6660025119781494,0.44921875,,,,
,21,,,,1.4889068603515625,0.4609375,,,,
,22,,,,1.496001124382019,0.46484375,,,,
,23,,,,1.5566431283950806,0.4296875,,,,
,24,,,,1.568192720413208,0.515625,,,,
,25,,,,1.585634469985962,0.40625,,,,
,26,,,,1.5531672239303589,0.42578125,,,,
,27,,,,1.6757993698120117,0.4453125,,,,
,28,,,,1.4708960056304932,0.48828125,,,,
,29,,,,1.6280089616775513,0.44921875,,,,
,30,,,,1.60861074924469,0.44140625,,,,
,31,,,,1.636795997619629,0.41796875,,,,
,32,,,,1.7792003154754639,0.43359375,,,,
,33,,,,1.5766878128051758,0.484375,,,,
,34,,,,1.6183819770812988,0.46875,,,,
,35,,,,1.6132776737213135,0.4609375,,,,
,36,,,,1.5635383129119873,0.453125,,,,
,37,,,,1.4289382696151733,0.5234375,,,,
,38,,,,1.6779038906097412,0.41796875,,,,
,39,,,,1.804718017578125,0.4375,,,,
,195,,,0,,,1.5763269662857056,0.46160000562667847,,
,195,,,0,,,,,1.6234748363494873,0.4097200036048889
0.04685871943424313,199,,,,,,,,,
,199,1.266958475112915,0.51953125,1,,,,,,
0.05794357779503182,249,,,,,,,,,
,249,1.2562077045440674,0.5625,1,,,,,,
0.06902843615582051,299,,,,,,,,,
,299,1.129834771156311,0.6171875,1,,,,,,
0.0801132945166092,349,,,,,,,,,
,349,0.8655100464820862,0.67578125,1,,,,,,
,40,,,,2.3412952423095703,0.5,,,,
,41,,,,2.4608681201934814,0.48046875,,,,
,42,,,,2.563417911529541,0.484375,,,,
,43,,,,2.631326675415039,0.44140625,,,,
,44,,,,3.0317466259002686,0.3984375,,,,
,45,,,,2.683681011199951,0.48046875,,,,
,46,,,,2.720215320587158,0.44140625,,,,
,47,,,,2.488473415374756,0.46875,,,,
,48,,,,2.489196300506592,0.4765625,,,,
,49,,,,2.677985191345215,0.42578125,,,,
,50,,,,2.3653531074523926,0.47265625,,,,
,51,,,,2.3420207500457764,0.46484375,,,,
,52,,,,2.488077402114868,0.51171875,,,,
,53,,,,2.508118152618408,0.43359375,,,,
,54,,,,2.762190818786621,0.42578125,,,,
,55,,,,2.159071445465088,0.48828125,,,,
,56,,,,2.3893609046936035,0.4375,,,,
,57,,,,2.5455315113067627,0.44140625,,,,
,58,,,,2.41230845451355,0.453125,,,,
,59,,,,2.5129199028015137,0.43359375,,,,
,60,,,,2.8020949363708496,0.40234375,,,,
,61,,,,2.7575504779815674,0.44140625,,,,
,62,,,,2.7580525875091553,0.44140625,,,,
,63,,,,2.4425928592681885,0.4765625,,,,
,64,,,,2.63739013671875,0.4296875,,,,
,65,,,,2.641855478286743,0.4140625,,,,
,66,,,,3.0557761192321777,0.41015625,,,,
,67,,,,2.4348342418670654,0.48828125,,,,
,68,,,,2.291278123855591,0.48828125,,,,
,69,,,,2.775477170944214,0.47265625,,,,
,70,,,,2.6205530166625977,0.4453125,,,,
,71,,,,2.34268856048584,0.46484375,,,,
,72,,,,2.5020461082458496,0.421875,,,,
,73,,,,2.8264708518981934,0.375,,,,
,74,,,,2.6696367263793945,0.4296875,,,,
,75,,,,2.226840019226074,0.51171875,,,,
,76,,,,2.6591813564300537,0.4375,,,,
,77,,,,2.253159284591675,0.53125,,,,
,78,,,,2.553297281265259,0.43359375,,,,
,79,,,,3.409979820251465,0.125,,,,
,391,,,1,,,2.560948610305786,0.4526999890804291,,
,391,,,1,,,,,1.1351568698883057,0.5951399803161621
0.0911981528773979,399,,,,,,,,,
,399,1.0314066410064697,0.60546875,2,,,,,,
0.10228301123818659,449,,,,,,,,,
,449,0.9958546161651611,0.66796875,2,,,,,,
0.11336786959897528,499,,,,,,,,,
,499,0.8487725853919983,0.6875,2,,,,,,
0.12445272795976399,549,,,,,,,,,
,549,0.712371826171875,0.74609375,2,,,,,,
,80,,,,1.0099072456359863,0.66796875,,,,
,81,,,,1.0655381679534912,0.6796875,,,,
,82,,,,0.9880201816558838,0.703125,,,,
,83,,,,0.9913424253463745,0.68359375,,,,
,84,,,,0.9708533883094788,0.68359375,,,,
,85,,,,1.0215535163879395,0.64453125,,,,
,86,,,,1.0449360609054565,0.67578125,,,,
,87,,,,1.0923349857330322,0.64453125,,,,
,88,,,,1.1010631322860718,0.6640625,,,,
,89,,,,1.2103455066680908,0.6171875,,,,
,90,,,,1.0984960794448853,0.64453125,,,,
,91,,,,0.9333769679069519,0.671875,,,,
,92,,,,1.0327008962631226,0.68359375,,,,
,93,,,,1.2515684366226196,0.62109375,,,,
,94,,,,1.1111785173416138,0.6328125,,,,
,95,,,,0.8755108118057251,0.69921875,,,,
,96,,,,1.049124836921692,0.6796875,,,,
,97,,,,1.0939499139785767,0.66015625,,,,
,98,,,,0.9499504566192627,0.71875,,,,
,99,,,,0.9640446305274963,0.6875,,,,
,100,,,,1.0709775686264038,0.63671875,,,,
,101,,,,1.0920097827911377,0.66796875,,,,
,102,,,,1.0940158367156982,0.69140625,,,,
,103,,,,1.1121495962142944,0.6484375,,,,
,104,,,,1.064780354499817,0.6640625,,,,
,105,,,,1.071393609046936,0.6796875,,,,
,106,,,,1.0696380138397217,0.6875,,,,
,107,,,,1.0337653160095215,0.65625,,,,
,108,,,,1.0703144073486328,0.65234375,,,,
,109,,,,1.1233495473861694,0.66015625,,,,
,110,,,,1.0589697360992432,0.6640625,,,,
,111,,,,1.022767186164856,0.6875,,,,
,112,,,,1.0273698568344116,0.64453125,,,,
,113,,,,1.0857888460159302,0.65234375,,,,
,114,,,,1.0841269493103027,0.64453125,,,,
,115,,,,0.9270750284194946,0.70703125,,,,
,116,,,,1.0503791570663452,0.6484375,,,,
,117,,,,0.9048803448677063,0.71875,,,,
,118,,,,1.0924376249313354,0.6328125,,,,
,119,,,,0.9100427627563477,0.625,,,,
,587,,,2,,,1.0488029718399048,0.6668000221252441,,
,587,,,2,,,,,0.9005910754203796,0.6864200234413147
0.13553758632055268,599,,,,,,,,,
,599,0.9066075086593628,0.69140625,3,,,,,,
0.1466224446813414,649,,,,,,,,,
,649,0.7828096151351929,0.734375,3,,,,,,
0.15770730304213007,699,,,,,,,,,
,699,0.7169667482376099,0.765625,3,,,,,,
0.1687921614029188,749,,,,,,,,,
,749,0.5175976157188416,0.828125,3,,,,,,
,120,,,,0.7435050010681152,0.73828125,,,,
,121,,,,0.6579188108444214,0.77734375,,,,
,122,,,,0.7638195753097534,0.77734375,,,,
,123,,,,0.8403919339179993,0.75,,,,
,124,,,,0.7212336659431458,0.734375,,,,
,125,,,,0.6811956167221069,0.76953125,,,,
,126,,,,0.7449546456336975,0.76171875,,,,
,127,,,,0.8808279037475586,0.7421875,,,,
,128,,,,0.8734198808670044,0.734375,,,,
,129,,,,0.8038755655288696,0.71484375,,,,
,130,,,,0.7519453167915344,0.75390625,,,,
,131,,,,0.7316070795059204,0.76953125,,,,
,132,,,,0.7360567450523376,0.7109375,,,,
,133,,,,0.8492537140846252,0.71484375,,,,
,134,,,,0.8597897291183472,0.734375,,,,
,135,,,,0.6388353705406189,0.7890625,,,,
,136,,,,0.8295817971229553,0.73046875,,,,
,137,,,,0.7039353251457214,0.7734375,,,,
,138,,,,0.621353805065155,0.7421875,,,,
,139,,,,0.6666820049285889,0.78125,,,,
,140,,,,0.7287208437919617,0.7421875,,,,
,141,,,,0.755551815032959,0.73046875,,,,
,142,,,,0.7538372278213501,0.74609375,,,,
,143,,,,0.7282094955444336,0.7421875,,,,
,144,,,,0.67740797996521,0.76171875,,,,
,145,,,,0.7382802367210388,0.76953125,,,,
,146,,,,0.7911636233329773,0.75390625,,,,
,147,,,,0.7058082818984985,0.78515625,,,,
,148,,,,0.7163464426994324,0.75,,,,
,149,,,,0.8248041272163391,0.75390625,,,,
,150,,,,0.8422404527664185,0.703125,,,,
,151,,,,0.7164416313171387,0.73046875,,,,
,152,,,,0.810177206993103,0.6953125,,,,
,153,,,,0.877103328704834,0.70703125,,,,
,154,,,,0.8321985006332397,0.734375,,,,
,155,,,,0.6970210671424866,0.78125,,,,
,156,,,,0.8377089500427246,0.73046875,,,,
,157,,,,0.6220095753669739,0.78125,,,,
,158,,,,0.7562229037284851,0.73046875,,,,
,159,,,,0.47367602586746216,0.875,,,,
,783,,,3,,,0.7562507390975952,0.7470999956130981,,
,783,,,3,,,,,0.7310817837715149,0.7466599941253662
0.17987701976370749,799,,,,,,,,,
,799,0.725395679473877,0.7421875,4,,,,,,
0.19096187812449616,849,,,,,,,,,
,849,0.6947312355041504,0.76171875,4,,,,,,
0.20204673648528487,899,,,,,,,,,
,899,0.5765116214752197,0.79296875,4,,,,,,
0.21313159484607358,949,,,,,,,,,
,949,0.5892980098724365,0.78515625,4,,,,,,
,160,,,,1.102328896522522,0.66796875,,,,
,161,,,,1.2083251476287842,0.6875,,,,
,162,,,,1.1745405197143555,0.6953125,,,,
,163,,,,1.291180968284607,0.67578125,,,,
,164,,,,1.1544699668884277,0.7265625,,,,
,165,,,,1.2066030502319336,0.66015625,,,,
,166,,,,1.2718842029571533,0.6875,,,,
,167,,,,1.2692866325378418,0.66796875,,,,
,168,,,,1.621347188949585,0.625,,,,
,169,,,,1.326133131980896,0.64453125,,,,
,170,,,,1.1618609428405762,0.671875,,,,
,171,,,,0.9009619951248169,0.734375,,,,
,172,,,,1.3869317770004272,0.6171875,,,,
,173,,,,1.2503074407577515,0.65625,,,,
,174,,,,1.2148878574371338,0.66796875,,,,
,175,,,,1.253650188446045,0.62890625,,,,
,176,,,,0.9498147964477539,0.7421875,,,,
,177,,,,0.9658133387565613,0.73046875,,,,
,178,,,,1.176733136177063,0.671875,,,,
,179,,,,1.432686448097229,0.63671875,,,,
,180,,,,1.123953104019165,0.66796875,,,,
,181,,,,1.0327324867248535,0.68359375,,,,
,182,,,,1.2447131872177124,0.62890625,,,,
,183,,,,1.2048357725143433,0.64453125,,,,
,184,,,,1.05165696144104,0.7265625,,,,
,185,,,,1.0800845623016357,0.734375,,,,
,186,,,,1.192500352859497,0.7265625,,,,
,187,,,,1.1763391494750977,0.69921875,,,,
,188,,,,0.9396694898605347,0.6796875,,,,
,189,,,,1.4935524463653564,0.6171875,,,,
,190,,,,1.3129074573516846,0.703125,,,,
,191,,,,1.2151395082473755,0.65625,,,,
,192,,,,0.9744680523872375,0.73046875,,,,
,193,,,,1.2835060358047485,0.671875,,,,
,194,,,,1.2747392654418945,0.70703125,,,,
,195,,,,1.2084438800811768,0.67578125,,,,
,196,,,,1.4547466039657593,0.6328125,,,,
,197,,,,0.9016180634498596,0.73046875,,,,
,198,,,,1.3168976306915283,0.625,,,,
,199,,,,0.7503687143325806,0.5,,,,
,979,,,4,,,1.1993381977081299,0.6776000261306763,,
,979,,,4,,,,,0.6414939165115356,0.7769799828529358
0.22421645320686226,999,,,,,,,,,
,999,0.4669368267059326,0.828125,5,,,,,,
0.23530131156765094,1049,,,,,,,,,
,1049,0.5357485413551331,0.84375,5,,,,,,
0.24638616992843965,1099,,,,,,,,,
,1099,0.5958910584449768,0.79296875,5,,,,,,
0.25747102828922835,1149,,,,,,,,,
,1149,0.5120050311088562,0.8046875,5,,,,,,
,200,,,,0.7013545036315918,0.8046875,,,,
,201,,,,0.6557803153991699,0.77734375,,,,
,202,,,,0.6154812574386597,0.78515625,,,,
,203,,,,0.7551442980766296,0.75390625,,,,
,204,,,,0.7438389658927917,0.7421875,,,,
,205,,,,0.5827174186706543,0.7890625,,,,
,206,,,,0.7545206546783447,0.77734375,,,,
,207,,,,0.8209990859031677,0.734375,,,,
,208,,,,0.7534129619598389,0.7421875,,,,
,209,,,,0.7614679336547852,0.73046875,,,,
,210,,,,0.6927936673164368,0.76953125,,,,
,211,,,,0.6406506896018982,0.7734375,,,,
,212,,,,0.6678098440170288,0.765625,,,,
,213,,,,0.8037377595901489,0.73828125,,,,
,214,,,,0.7725207209587097,0.765625,,,,
,215,,,,0.6172990798950195,0.8046875,,,,
,216,,,,0.6696098446846008,0.796875,,,,
,217,,,,0.7328569889068604,0.75,,,,
,218,,,,0.6383241415023804,0.79296875,,,,
,219,,,,0.6574307680130005,0.76953125,,,,
,220,,,,0.6974836587905884,0.79296875,,,,
,221,,,,0.7462115287780762,0.7578125,,,,
,222,,,,0.6971142292022705,0.76953125,,,,
,223,,,,0.6927801966667175,0.78515625,,,,
,224,,,,0.5895768404006958,0.7890625,,,,
,225,,,,0.654093861579895,0.79296875,,,,
,226,,,,0.7357970476150513,0.73828125,,,,
,227,,,,0.677781343460083,0.75390625,,,,
,228,,,,0.73072749376297,0.78515625,,,,
,229,,,,0.6849949955940247,0.77734375,,,,
,230,,,,0.7235093116760254,0.76953125,,,,
,231,,,,0.7004668116569519,0.74609375,,,,
,232,,,,0.7217386364936829,0.74609375,,,,
,233,,,,0.8347010612487793,0.734375,,,,
,234,,,,0.7655720114707947,0.73828125,,,,
,235,,,,0.5726606249809265,0.79296875,,,,
,236,,,,0.787903368473053,0.76171875,,,,
,237,,,,0.5289486646652222,0.80078125,,,,
,238,,,,0.6671404838562012,0.7734375,,,,
,239,,,,0.6577626466751099,0.75,,,,
,1175,,,5,,,0.6985744833946228,0.7684000134468079,,
,1175,,,5,,,,,0.5775893926620483,0.7993999719619751
0.268555886650017,1199,,,,,,,,,
,1199,0.5333655476570129,0.81640625,6,,,,,,
0.27262639904201813,1249,,,,,,,,,
,1249,0.5301988124847412,0.79296875,6,,,,,,
0.26968256546523156,1299,,,,,,,,,
,1299,0.5521773099899292,0.82421875,6,,,,,,
0.266738731888445,1349,,,,,,,,,
,1349,0.4189879596233368,0.859375,6,,,,,,
,240,,,,0.5579390525817871,0.82421875,,,,
,241,,,,0.5304847955703735,0.81640625,,,,
,242,,,,0.4830268919467926,0.8359375,,,,
,243,,,,0.6835812330245972,0.79296875,,,,
,244,,,,0.6594018340110779,0.78515625,,,,
,245,,,,0.4858921766281128,0.83203125,,,,
,246,,,,0.629995584487915,0.796875,,,,
,247,,,,0.7477666735649109,0.76171875,,,,
,248,,,,0.6942688822746277,0.7734375,,,,
,249,,,,0.6787729263305664,0.80078125,,,,
,250,,,,0.59963059425354,0.8046875,,,,
,251,,,,0.677639901638031,0.78515625,,,,
,252,,,,0.6330068111419678,0.796875,,,,
,253,,,,0.6930953860282898,0.78125,,,,
,254,,,,0.6032150387763977,0.8203125,,,,
,255,,,,0.516584038734436,0.83984375,,,,
,256,,,,0.5657911896705627,0.828125,,,,
,257,,,,0.5726011991500854,0.8046875,,,,
,258,,,,0.576496422290802,0.796875,,,,
,259,,,,0.6556280255317688,0.80078125,,,,
,260,,,,0.6387046575546265,0.79296875,,,,
,261,,,,0.5931450128555298,0.8046875,,,,
,262,,,,0.5393496751785278,0.80078125,,,,
,263,,,,0.645051121711731,0.79296875,,,,
,264,,,,0.5410816669464111,0.8125,,,,
,265,,,,0.690072774887085,0.79296875,,,,
,266,,,,0.6226919889450073,0.84375,,,,
,267,,,,0.6414194107055664,0.79296875,,,,
,268,,,,0.6029094457626343,0.79296875,,,,
,269,,,,0.5930629372596741,0.796875,,,,
,270,,,,0.7112905979156494,0.78125,,,,
,271,,,,0.5490895509719849,0.82421875,,,,
,272,,,,0.6472475528717041,0.7734375,,,,
,273,,,,0.7194620966911316,0.78515625,,,,
,274,,,,0.6108608841896057,0.8046875,,,,
,275,,,,0.512541651725769,0.83984375,,,,
,276,,,,0.663112461566925,0.78125,,,,
,277,,,,0.48182469606399536,0.83984375,,,,
,278,,,,0.7319669723510742,0.75390625,,,,
,279,,,,0.545336902141571,0.75,,,,
,1371,,,6,,,0.6147529482841492,0.8021000027656555,,
,1371,,,6,,,,,0.5146231055259705,0.8214600086212158
0.2637948983116584,1399,,,,,,,,,
,1399,0.5531131625175476,0.828125,7,,,,,,
0.2608510647348719,1449,,,,,,,,,
,1449,0.47906383872032166,0.82421875,7,,,,,,
0.25790723115808534,1499,,,,,,,,,
,1499,0.41565439105033875,0.859375,7,,,,,,
0.25496339758129877,1549,,,,,,,,,
,1549,0.46968749165534973,0.83984375,7,,,,,,
,280,,,,0.36530616879463196,0.8828125,,,,
,281,,,,0.3592309355735779,0.84765625,,,,
,282,,,,0.36200210452079773,0.875,,,,
,283,,,,0.4851297438144684,0.83984375,,,,
,284,,,,0.49395906925201416,0.85546875,,,,
,285,,,,0.41982778906822205,0.8515625,,,,
,286,,,,0.4243902862071991,0.85546875,,,,
,287,,,,0.49584680795669556,0.82421875,,,,
,288,,,,0.549518346786499,0.80078125,,,,
,289,,,,0.5646157264709473,0.83984375,,,,
,290,,,,0.46906301379203796,0.83203125,,,,
,291,,,,0.41600027680397034,0.8515625,,,,
,292,,,,0.48154571652412415,0.83984375,,,,
,293,,,,0.5198270082473755,0.8203125,,,,
,294,,,,0.5041787028312683,0.83984375,,,,
,295,,,,0.364803671836853,0.859375,,,,
,296,,,,0.40289604663848877,0.859375,,,,
,297,,,,0.36894792318344116,0.87109375,,,,
,298,,,,0.49860307574272156,0.81640625,,,,
,299,,,,0.44706061482429504,0.859375,,,,
,300,,,,0.49311211705207825,0.8203125,,,,
,301,,,,0.479097455739975,0.8125,,,,
,302,,,,0.46493542194366455,0.82421875,,,,
,303,,,,0.45009368658065796,0.8515625,,,,
,304,,,,0.4076751172542572,0.875,,,,
,305,,,,0.4633563160896301,0.8515625,,,,
,306,,,,0.546276867389679,0.828125,,,,
,307,,,,0.4770730137825012,0.84375,,,,
,308,,,,0.41580355167388916,0.85546875,,,,
,309,,,,0.5071973204612732,0.82421875,,,,
,310,,,,0.49957549571990967,0.83984375,,,,
,311,,,,0.40613609552383423,0.859375,,,,
,312,,,,0.4519966244697571,0.84375,,,,
,313,,,,0.5968694090843201,0.81640625,,,,
,314,,,,0.40047717094421387,0.85546875,,,,
,315,,,,0.44925054907798767,0.84765625,,,,
,316,,,,0.47166141867637634,0.8359375,,,,
,317,,,,0.3651522397994995,0.8671875,,,,
,318,,,,0.5368974804878235,0.796875,,,,
,319,,,,0.6200264692306519,0.8125,,,,
,1567,,,7,,,0.45860201120376587,0.8428000211715698,,
,1567,,,7,,,,,0.46685469150543213,0.8395000100135803
0.2520195640045122,1599,,,,,,,,,
,1599,0.4621126651763916,0.8671875,8,,,,,,
0.24907573042772566,1649,,,,,,,,,
,1649,0.4594933092594147,0.83203125,8,,,,,,
0.2461318968509391,1699,,,,,,,,,
,1699,0.4739484190940857,0.8515625,8,,,,,,
0.24318806327415254,1749,,,,,,,,,
,1749,0.3798513114452362,0.87109375,8,,,,,,
,320,,,,0.41086363792419434,0.8828125,,,,
,321,,,,0.3884347081184387,0.875,,,,
,322,,,,0.3806898891925812,0.859375,,,,
,323,,,,0.498917818069458,0.8359375,,,,
,324,,,,0.5019617080688477,0.8203125,,,,
,325,,,,0.4130086898803711,0.84375,,,,
,326,,,,0.47935888171195984,0.8359375,,,,
,327,,,,0.5670323371887207,0.82421875,,,,
,328,,,,0.6000439524650574,0.80859375,,,,
,329,,,,0.5895440578460693,0.81640625,,,,
,330,,,,0.48373085260391235,0.8359375,,,,
,331,,,,0.5012823939323425,0.83203125,,,,
,332,,,,0.48987290263175964,0.80859375,,,,
,333,,,,0.49057528376579285,0.81640625,,,,
,334,,,,0.5088842511177063,0.828125,,,,
,335,,,,0.47328612208366394,0.84375,,,,
,336,,,,0.4495907425880432,0.84765625,,,,
,337,,,,0.421338826417923,0.84375,,,,
,338,,,,0.43694743514060974,0.84375,,,,
,339,,,,0.5638095140457153,0.8203125,,,,
,340,,,,0.5199042558670044,0.828125,,,,
,341,,,,0.49327021837234497,0.83984375,,,,
,342,,,,0.5725951790809631,0.83203125,,,,
,343,,,,0.4792966842651367,0.8359375,,,,
,344,,,,0.45534685254096985,0.85546875,,,,
,345,,,,0.43479013442993164,0.859375,,,,
,346,,,,0.4935982823371887,0.84375,,,,
,347,,,,0.47568127512931824,0.83203125,,,,
,348,,,,0.5030299425125122,0.8359375,,,,
,349,,,,0.5325350165367126,0.8359375,,,,
,350,,,,0.4893871545791626,0.83203125,,,,
,351,,,,0.387661337852478,0.859375,,,,
,352,,,,0.4351198673248291,0.84375,,,,
,353,,,,0.5944249033927917,0.78515625,,,,
,354,,,,0.36874592304229736,0.859375,,,,
,355,,,,0.5665836930274963,0.8125,,,,
,356,,,,0.6003631949424744,0.7890625,,,,
,357,,,,0.3777448236942291,0.86328125,,,,
,358,,,,0.585000216960907,0.7734375,,,,
,359,,,,0.5077643394470215,0.6875,,,,
,1763,,,8,,,0.48757725954055786,0.8341000080108643,,
,1763,,,8,,,,,0.4277006685733795,0.8526600003242493
0.240244229697366,1799,,,,,,,,,
,1799,0.4127996265888214,0.86328125,9,,,,,,
0.23730039612057943,1849,,,,,,,,,
,1849,0.3407491445541382,0.8828125,9,,,,,,
0.2343565625437929,1899,,,,,,,,,
,1899,0.4604722261428833,0.83203125,9,,,,,,
0.23141272896700632,1949,,,,,,,,,
,1949,0.3809109330177307,0.87890625,9,,,,,,
,360,,,,0.4109383225440979,0.86328125,,,,
,361,,,,0.3593689501285553,0.86328125,,,,
,362,,,,0.3609274625778198,0.859375,,,,
,363,,,,0.46004822850227356,0.8359375,,,,
,364,,,,0.5469875335693359,0.80078125,,,,
,365,,,,0.39381226897239685,0.875,,,,
,366,,,,0.5008318424224854,0.84375,,,,
,367,,,,0.4842817485332489,0.84375,,,,
,368,,,,0.5597867965698242,0.83203125,,,,
,369,,,,0.5369765758514404,0.85546875,,,,
,370,,,,0.4452382028102875,0.84765625,,,,
,371,,,,0.44224122166633606,0.83984375,,,,
,372,,,,0.4327928423881531,0.828125,,,,
,373,,,,0.4803347885608673,0.828125,,,,
,374,,,,0.5112392902374268,0.83984375,,,,
,375,,,,0.40015608072280884,0.85546875,,,,
,376,,,,0.3749300539493561,0.890625,,,,
,377,,,,0.40956056118011475,0.87109375,,,,
,378,,,,0.4623016119003296,0.84765625,,,,
,379,,,,0.44117775559425354,0.85546875,,,,
,380,,,,0.4964495003223419,0.8203125,,,,
,381,,,,0.546392560005188,0.83984375,,,,
,382,,,,0.4580684006214142,0.83203125,,,,
,383,,,,0.5018793344497681,0.8515625,,,,
,384,,,,0.42593517899513245,0.875,,,,
,385,,,,0.3836919367313385,0.8671875,,,,
,386,,,,0.47895583510398865,0.8515625,,,,
,387,,,,0.49518197774887085,0.82421875,,,,
,388,,,,0.4164235591888428,0.8515625,,,,
,389,,,,0.4383721649646759,0.859375,,,,
,390,,,,0.4497198164463043,0.83203125,,,,
,391,,,,0.43340516090393066,0.84765625,,,,
,392,,,,0.43647655844688416,0.85546875,,,,
,393,,,,0.6182224750518799,0.8125,,,,
,394,,,,0.39579737186431885,0.86328125,,,,
,395,,,,0.3874383866786957,0.88671875,,,,
,396,,,,0.45640259981155396,0.83984375,,,,
,397,,,,0.36842814087867737,0.890625,,,,
,398,,,,0.45627835392951965,0.8359375,,,,
,399,,,,0.5244101285934448,0.75,,,,
,1959,,,9,,,0.452869713306427,0.8489000201225281,,
,1959,,,9,,,,,0.39108285307884216,0.8624799847602844
0.22846889539021978,1999,,,,,,,,,
,1999,0.37348344922065735,0.8828125,10,,,,,,
0.22552506181343324,2049,,,,,,,,,
,2049,0.38348543643951416,0.87109375,10,,,,,,
0.22258122823664667,2099,,,,,,,,,
,2099,0.35409653186798096,0.8671875,10,,,,,,
0.2196373946598601,2149,,,,,,,,,
,2149,0.3697299063205719,0.8671875,10,,,,,,
,400,,,,0.4532574415206909,0.86328125,,,,
,401,,,,0.36347490549087524,0.875,,,,
,402,,,,0.3864535093307495,0.8828125,,,,
,403,,,,0.4999261498451233,0.84375,,,,
,404,,,,0.4511483907699585,0.8359375,,,,
,405,,,,0.3570241928100586,0.87890625,,,,
,406,,,,0.4571906328201294,0.84765625,,,,
,407,,,,0.5346494317054749,0.84765625,,,,
,408,,,,0.5036364197731018,0.83984375,,,,
,409,,,,0.5700796842575073,0.81640625,,,,
,410,,,,0.43659383058547974,0.859375,,,,
,411,,,,0.41889986395835876,0.859375,,,,
,412,,,,0.3475108742713928,0.8671875,,,,
,413,,,,0.4563201069831848,0.8359375,,,,
,414,,,,0.46779051423072815,0.86328125,,,,
,415,,,,0.4308173358440399,0.875,,,,
,416,,,,0.42802268266677856,0.88671875,,,,
,417,,,,0.33109888434410095,0.8671875,,,,
,418,,,,0.44030341506004333,0.8515625,,,,
,419,,,,0.4113515019416809,0.87109375,,,,
,420,,,,0.43086257576942444,0.8671875,,,,
,421,,,,0.41169553995132446,0.8828125,,,,
,422,,,,0.45104116201400757,0.86328125,,,,
,423,,,,0.40213853120803833,0.8515625,,,,
,424,,,,0.32410433888435364,0.875,,,,
,425,,,,0.40034905076026917,0.84375,,,,
,426,,,,0.3640177547931671,0.85546875,,,,
,427,,,,0.41604384779930115,0.859375,,,,
,428,,,,0.4223790466785431,0.87109375,,,,
,429,,,,0.4318011403083801,0.84765625,,,,
,430,,,,0.404394268989563,0.859375,,,,
,431,,,,0.41599857807159424,0.84765625,,,,
,432,,,,0.3985097408294678,0.8515625,,,,
,433,,,,0.6487005949020386,0.80859375,,,,
,434,,,,0.47065454721450806,0.8515625,,,,
,435,,,,0.4059182405471802,0.83984375,,,,
,436,,,,0.5052992105484009,0.828125,,,,
,437,,,,0.30667349696159363,0.890625,,,,
,438,,,,0.40473034977912903,0.859375,,,,
,439,,,,0.10866805166006088,1.0,,,,
,2155,,,10,,,0.42925190925598145,0.857200026512146,,
,2155,,,10,,,,,0.3652378022670746,0.8739799857139587
0.21669356108307355,2199,,,,,,,,,
,2199,0.3948762118816376,0.86328125,11,,,,,,
0.213749727506287,2249,,,,,,,,,
,2249,0.28126174211502075,0.8984375,11,,,,,,
0.21080589392950044,2299,,,,,,,,,
,2299,0.34756943583488464,0.89453125,11,,,,,,
0.20786206035271387,2349,,,,,,,,,
,2349,0.46282824873924255,0.8359375,11,,,,,,
,440,,,,0.415742963552475,0.84765625,,,,
,441,,,,0.3752525746822357,0.890625,,,,
,442,,,,0.3837072253227234,0.859375,,,,
,443,,,,0.4808119833469391,0.84765625,,,,
,444,,,,0.6033270955085754,0.8125,,,,
,445,,,,0.3872925639152527,0.85546875,,,,
,446,,,,0.4437839984893799,0.87890625,,,,
,447,,,,0.4845826327800751,0.8515625,,,,
,448,,,,0.5964044332504272,0.80078125,,,,
,449,,,,0.5225499272346497,0.8515625,,,,
,450,,,,0.36928755044937134,0.8828125,,,,
,451,,,,0.41992422938346863,0.8359375,,,,
,452,,,,0.44910869002342224,0.86328125,,,,
,453,,,,0.4263661801815033,0.87109375,,,,
,454,,,,0.42645084857940674,0.859375,,,,
,455,,,,0.38631537556648254,0.86328125,,,,
,456,,,,0.3864598870277405,0.890625,,,,
,457,,,,0.3849821388721466,0.85546875,,,,
,458,,,,0.44417721033096313,0.84375,,,,
,459,,,,0.42927852272987366,0.85546875,,,,
,460,,,,0.4434736371040344,0.8359375,,,,
,461,,,,0.43833237886428833,0.86328125,,,,
,462,,,,0.3890385925769806,0.859375,,,,
,463,,,,0.4088313579559326,0.8359375,,,,
,464,,,,0.3525717556476593,0.89453125,,,,
,465,,,,0.40530747175216675,0.8828125,,,,
,466,,,,0.40166929364204407,0.875,,,,
,467,,,,0.44397836923599243,0.85546875,,,,
,468,,,,0.35396483540534973,0.86328125,,,,
,469,,,,0.3700787127017975,0.8515625,,,,
,470,,,,0.5040252208709717,0.82421875,,,,
,471,,,,0.4172993302345276,0.8515625,,,,
,472,,,,0.409932017326355,0.84765625,,,,
,473,,,,0.5168026685714722,0.8515625,,,,
,474,,,,0.39273276925086975,0.875,,,,
,475,,,,0.3506968021392822,0.88671875,,,,
,476,,,,0.448589026927948,0.84765625,,,,
,477,,,,0.3393438458442688,0.8984375,,,,
,478,,,,0.5272973775863647,0.828125,,,,
,479,,,,0.1028880923986435,1.0,,,,
,2351,,,11,,,0.42844682931900024,0.8578000068664551,,
,2351,,,11,,,,,0.34369784593582153,0.8804399967193604
0.20491822677592733,2399,,,,,,,,,
,2399,0.33584344387054443,0.87890625,12,,,,,,
0.2019743931991408,2449,,,,,,,,,
,2449,0.3577461242675781,0.8671875,12,,,,,,
0.19903055962235422,2499,,,,,,,,,
,2499,0.2684556245803833,0.890625,12,,,,,,
,480,,,,0.3261074423789978,0.88671875,,,,
,481,,,,0.40656620264053345,0.84765625,,,,
,482,,,,0.35845890641212463,0.8828125,,,,
,483,,,,0.43672987818717957,0.8515625,,,,
,484,,,,0.5118060111999512,0.83984375,,,,
,485,,,,0.2591916620731354,0.90625,,,,
,486,,,,0.42500701546669006,0.87109375,,,,
,487,,,,0.4173699617385864,0.87109375,,,,
,488,,,,0.530875563621521,0.84765625,,,,
,489,,,,0.4294112026691437,0.8671875,,,,
,490,,,,0.3297882378101349,0.8828125,,,,
,491,,,,0.41868525743484497,0.87109375,,,,
,492,,,,0.3815981149673462,0.8984375,,,,
,493,,,,0.36141541600227356,0.87890625,,,,
,494,,,,0.4325130581855774,0.85546875,,,,
,495,,,,0.36247193813323975,0.88671875,,,,
,496,,,,0.3195960819721222,0.90234375,,,,
,497,,,,0.40612128376960754,0.87890625,,,,
,498,,,,0.39574751257896423,0.86328125,,,,
,499,,,,0.4276719391345978,0.86328125,,,,
,500,,,,0.467119038105011,0.84375,,,,
,501,,,,0.4456760287284851,0.84375,,,,
,502,,,,0.3663758635520935,0.86328125,,,,
,503,,,,0.3374934196472168,0.87109375,,,,
,504,,,,0.36558157205581665,0.8828125,,,,
,505,,,,0.3847016394138336,0.859375,,,,
,506,,,,0.4757046699523926,0.84765625,,,,
,507,,,,0.44968706369400024,0.8515625,,,,
,508,,,,0.421822190284729,0.8671875,,,,
,509,,,,0.37767457962036133,0.8671875,,,,
,510,,,,0.4446617662906647,0.8671875,,,,
,511,,,,0.38171932101249695,0.859375,,,,
,512,,,,0.4903566837310791,0.828125,,,,
,513,,,,0.5391963720321655,0.83203125,,,,
,514,,,,0.3648199439048767,0.87109375,,,,
,515,,,,0.33681508898735046,0.8984375,,,,
,516,,,,0.43738672137260437,0.8671875,,,,
,517,,,,0.3620111346244812,0.8828125,,,,
,518,,,,0.41117826104164124,0.86328125,,,,
,519,,,,0.5963024497032166,0.8125,,,,
,2547,,,12,,,0.40536022186279297,0.8671000003814697,,
,2547,,,12,,,,,0.32203397154808044,0.8881400227546692
0.19608672604556765,2549,,,,,,,,,
,2549,0.3400920331478119,0.890625,13,,,,,,
0.1931428924687811,2599,,,,,,,,,
,2599,0.27930837869644165,0.9140625,13,,,,,,
0.19019905889199457,2649,,,,,,,,,
,2649,0.20088084042072296,0.90234375,13,,,,,,
0.187255225315208,2699,,,,,,,,,
,2699,0.38484668731689453,0.86328125,13,,,,,,
,520,,,,0.47692087292671204,0.83984375,,,,
,521,,,,0.37985503673553467,0.8671875,,,,
,522,,,,0.43440595269203186,0.84375,,,,
,523,,,,0.4522922933101654,0.85546875,,,,
,524,,,,0.5394741892814636,0.8203125,,,,
,525,,,,0.4126114547252655,0.859375,,,,
,526,,,,0.4415667653083801,0.86328125,,,,
,527,,,,0.5016062259674072,0.859375,,,,
,528,,,,0.5608981251716614,0.828125,,,,
,529,,,,0.6014382839202881,0.83984375,,,,
,530,,,,0.36835986375808716,0.87109375,,,,
,531,,,,0.4131673574447632,0.86328125,,,,
,532,,,,0.41325899958610535,0.859375,,,,
,533,,,,0.5340697765350342,0.83984375,,,,
,534,,,,0.4808892607688904,0.84375,,,,
,535,,,,0.364499032497406,0.88671875,,,,
,536,,,,0.39977043867111206,0.8828125,,,,
,537,,,,0.4041282832622528,0.8671875,,,,
,538,,,,0.4662383198738098,0.87109375,,,,
,539,,,,0.47715994715690613,0.83984375,,,,
,540,,,,0.4371636211872101,0.8515625,,,,
,541,,,,0.5105436444282532,0.84765625,,,,
,542,,,,0.5014775991439819,0.82421875,,,,
,543,,,,0.41495341062545776,0.85546875,,,,
,544,,,,0.3851063847541809,0.8984375,,,,
,545,,,,0.4781952500343323,0.83203125,,,,
,546,,,,0.37952178716659546,0.86328125,,,,
,547,,,,0.4700579047203064,0.84765625,,,,
,548,,,,0.38868945837020874,0.87890625,,,,
,549,,,,0.44118598103523254,0.8515625,,,,
,550,,,,0.43354547023773193,0.8515625,,,,
,551,,,,0.411184698343277,0.84375,,,,
,552,,,,0.43254560232162476,0.86328125,,,,
,553,,,,0.6423278450965881,0.81640625,,,,
,554,,,,0.440370112657547,0.8515625,,,,
,555,,,,0.3769674301147461,0.859375,,,,
,556,,,,0.4833836555480957,0.8515625,,,,
,557,,,,0.3346732556819916,0.8984375,,,,
,558,,,,0.5628727674484253,0.82421875,,,,
,559,,,,0.48190438747406006,0.8125,,,,
,2743,,,13,,,0.45254379510879517,0.8540999889373779,,
,2743,,,13,,,,,0.3044161796569824,0.8942999839782715
0.18431139173842143,2749,,,,,,,,,
,2749,0.2670852839946747,0.88671875,14,,,,,,
0.18136755816163488,2799,,,,,,,,,
,2799,0.30603811144828796,0.91015625,14,,,,,,
0.17842372458484834,2849,,,,,,,,,
,2849,0.322884738445282,0.89453125,14,,,,,,
0.17547989100806177,2899,,,,,,,,,
,2899,0.31422609090805054,0.8984375,14,,,,,,
,560,,,,0.3623213768005371,0.875,,,,
,561,,,,0.29983919858932495,0.87890625,,,,
,562,,,,0.3162468671798706,0.89453125,,,,
,563,,,,0.3472498953342438,0.88671875,,,,
,564,,,,0.46653151512145996,0.8359375,,,,
,565,,,,0.36788561940193176,0.87890625,,,,
,566,,,,0.3982900381088257,0.859375,,,,
,567,,,,0.4639234244823456,0.87109375,,,,
,568,,,,0.447954386472702,0.86328125,,,,
,569,,,,0.508933961391449,0.859375,,,,
,570,,,,0.3522757887840271,0.8828125,,,,
,571,,,,0.30101773142814636,0.90234375,,,,
,572,,,,0.35611847043037415,0.87109375,,,,
,573,,,,0.3249575197696686,0.8828125,,,,
,574,,,,0.42831477522850037,0.8671875,,,,
,575,,,,0.3348442614078522,0.890625,,,,
,576,,,,0.36522841453552246,0.89453125,,,,
,577,,,,0.3751642107963562,0.87890625,,,,
,578,,,,0.39536070823669434,0.8671875,,,,
,579,,,,0.3905227482318878,0.87109375,,,,
,580,,,,0.3913743495941162,0.83984375,,,,
,581,,,,0.44095417857170105,0.85546875,,,,
,582,,,,0.457416832447052,0.86328125,,,,
,583,,,,0.4116533398628235,0.875,,,,
,584,,,,0.2856721878051758,0.90234375,,,,
,585,,,,0.3841792047023773,0.87109375,,,,
,586,,,,0.3886999189853668,0.87890625,,,,
,587,,,,0.3408503532409668,0.875,,,,
,588,,,,0.36394384503364563,0.87109375,,,,
,589,,,,0.4184260666370392,0.8671875,,,,
,590,,,,0.33304399251937866,0.87890625,,,,
,591,,,,0.3458116948604584,0.87890625,,,,
,592,,,,0.3445685803890228,0.8671875,,,,
,593,,,,0.42164310812950134,0.84765625,,,,
,594,,,,0.3785563111305237,0.87890625,,,,
,595,,,,0.3379609286785126,0.87890625,,,,
,596,,,,0.4342751204967499,0.85546875,,,,
,597,,,,0.2885782718658447,0.890625,,,,
,598,,,,0.35062864422798157,0.875,,,,
,599,,,,0.5277355909347534,0.875,,,,
,2939,,,14,,,0.3777075707912445,0.8733999729156494,,
,2939,,,14,,,,,0.27984440326690674,0.9023600220680237
0.1725360574312752,2949,,,,,,,,,
,2949,0.2298252135515213,0.91796875,15,,,,,,
0.16959222385448866,2999,,,,,,,,,
,2999,0.18870268762111664,0.94140625,15,,,,,,
0.16664839027770212,3049,,,,,,,,,
,3049,0.3816959857940674,0.859375,15,,,,,,
0.16370455670091555,3099,,,,,,,,,
,3099,0.21493452787399292,0.9140625,15,,,,,,
,600,,,,0.3508959412574768,0.875,,,,
,601,,,,0.3291245400905609,0.8515625,,,,
,602,,,,0.29829880595207214,0.90234375,,,,
,603,,,,0.37906673550605774,0.8984375,,,,
,604,,,,0.40064752101898193,0.859375,,,,
,605,,,,0.2520105540752411,0.890625,,,,
,606,,,,0.324131041765213,0.8671875,,,,
,607,,,,0.4444665312767029,0.8828125,,,,
,608,,,,0.3946070671081543,0.8671875,,,,
,609,,,,0.42045822739601135,0.8828125,,,,
,610,,,,0.2877705991268158,0.8984375,,,,
,611,,,,0.30349037051200867,0.90234375,,,,
,612,,,,0.3335728943347931,0.87890625,,,,
,613,,,,0.3554419279098511,0.8984375,,,,
,614,,,,0.4182891845703125,0.8828125,,,,
,615,,,,0.3009454011917114,0.8984375,,,,
,616,,,,0.272643119096756,0.921875,,,,
,617,,,,0.3053993880748749,0.890625,,,,
,618,,,,0.3430015742778778,0.89453125,,,,
,619,,,,0.4541000723838806,0.859375,,,,
,620,,,,0.3540343940258026,0.87109375,,,,
,621,,,,0.46301743388175964,0.87109375,,,,
,622,,,,0.35939544439315796,0.88671875,,,,
,623,,,,0.3845985531806946,0.87109375,,,,
,624,,,,0.2599480450153351,0.91796875,,,,
,625,,,,0.3877067267894745,0.87109375,,,,
,626,,,,0.33782315254211426,0.890625,,,,
,627,,,,0.3217245042324066,0.88671875,,,,
,628,,,,0.38512444496154785,0.875,,,,
,629,,,,0.3801673352718353,0.88671875,,,,
,630,,,,0.32222551107406616,0.875,,,,
,631,,,,0.3618204891681671,0.859375,,,,
,632,,,,0.3640570342540741,0.88671875,,,,
,633,,,,0.5157816410064697,0.8515625,,,,
,634,,,,0.2838718593120575,0.90625,,,,
,635,,,,0.283538818359375,0.87890625,,,,
,636,,,,0.41219502687454224,0.88671875,,,,
,637,,,,0.2761584222316742,0.90625,,,,
,638,,,,0.33050206303596497,0.89453125,,,,
,639,,,,0.5022414922714233,0.8125,,,,
,3135,,,15,,,0.3528560996055603,0.883899986743927,,
,3135,,,15,,,,,0.26738277077674866,0.9072399735450745
0.160760723124129,3149,,,,,,,,,
,3149,0.20584753155708313,0.9375,16,,,,,,
0.15781688954734244,3199,,,,,,,,,
,3199,0.18831413984298706,0.9453125,16,,,,,,
0.1548730559705559,3249,,,,,,,,,
,3249,0.2543571889400482,0.90625,16,,,,,,
0.15192922239376933,3299,,,,,,,,,
,3299,0.26733383536338806,0.90625,16,,,,,,
,640,,,,0.45756104588508606,0.859375,,,,
,641,,,,0.3933611810207367,0.85546875,,,,
,642,,,,0.27143996953964233,0.92578125,,,,
,643,,,,0.420401930809021,0.875,,,,
,644,,,,0.5184588432312012,0.80859375,,,,
,645,,,,0.3352621793746948,0.875,,,,
,646,,,,0.39599835872650146,0.84375,,,,
,647,,,,0.45974022150039673,0.85546875,,,,
,648,,,,0.4708673655986786,0.84765625,,,,
,649,,,,0.4561198949813843,0.88671875,,,,
,650,,,,0.41064777970314026,0.87890625,,,,
,651,,,,0.410037100315094,0.890625,,,,
,652,,,,0.35951587557792664,0.87109375,,,,
,653,,,,0.3778603672981262,0.8671875,,,,
,654,,,,0.5319405198097229,0.84375,,,,
,655,,,,0.4267662465572357,0.87109375,,,,
,656,,,,0.34050452709198,0.90625,,,,
,657,,,,0.3952998220920563,0.85546875,,,,
,658,,,,0.336128294467926,0.859375,,,,
,659,,,,0.4054292142391205,0.8515625,,,,
,660,,,,0.39410191774368286,0.86328125,,,,
,661,,,,0.4189503490924835,0.87109375,,,,
,662,,,,0.41350457072257996,0.875,,,,
,663,,,,0.39345812797546387,0.85546875,,,,
,664,,,,0.3126780688762665,0.8984375,,,,
,665,,,,0.35021838545799255,0.87109375,,,,
,666,,,,0.46233585476875305,0.86328125,,,,
,667,,,,0.43434181809425354,0.87109375,,,,
,668,,,,0.455822229385376,0.8671875,,,,
,669,,,,0.41194573044776917,0.84375,,,,
,670,,,,0.44910338521003723,0.8515625,,,,
,671,,,,0.42021867632865906,0.84375,,,,
,672,,,,0.4767400622367859,0.828125,,,,
,673,,,,0.6258785128593445,0.8046875,,,,
,674,,,,0.3816703259944916,0.88671875,,,,
,675,,,,0.3991408944129944,0.8828125,,,,
,676,,,,0.4168616533279419,0.8671875,,,,
,677,,,,0.2535781264305115,0.92578125,,,,
,678,,,,0.41331079602241516,0.87109375,,,,
,679,,,,0.580887496471405,0.8125,,,,
,3331,,,16,,,0.41199374198913574,0.8658000230789185,,
,3331,,,16,,,,,0.2500891089439392,0.9129599928855896
0.14898538881698278,3349,,,,,,,,,
,3349,0.2418144941329956,0.89453125,17,,,,,,
0.1460415552401962,3399,,,,,,,,,
,3399,0.22619765996932983,0.91796875,17,,,,,,
0.14309772166340967,3449,,,,,,,,,
,3449,0.237033411860466,0.9140625,17,,,,,,
0.1401538880866231,3499,,,,,,,,,
,3499,0.27182725071907043,0.90234375,17,,,,,,
,680,,,,0.3781558573246002,0.87109375,,,,
,681,,,,0.31807830929756165,0.90234375,,,,
,682,,,,0.23454277217388153,0.9140625,,,,
,683,,,,0.3781003952026367,0.875,,,,
,684,,,,0.4899718761444092,0.86328125,,,,
,685,,,,0.25820356607437134,0.88671875,,,,
,686,,,,0.2904065251350403,0.90625,,,,
,687,,,,0.33420103788375854,0.87890625,,,,
,688,,,,0.4029473066329956,0.890625,,,,
,689,,,,0.3212459683418274,0.90625,,,,
,690,,,,0.2864791750907898,0.90234375,,,,
,691,,,,0.3760773539543152,0.890625,,,,
,692,,,,0.30273857712745667,0.90625,,,,
,693,,,,0.35601311922073364,0.89453125,,,,
,694,,,,0.3987472653388977,0.875,,,,
,695,,,,0.26868826150894165,0.9140625,,,,
,696,,,,0.32299330830574036,0.92578125,,,,
,697,,,,0.276851624250412,0.92578125,,,,
,698,,,,0.3397587537765503,0.88671875,,,,
,699,,,,0.4333308935165405,0.859375,,,,
,700,,,,0.34974777698516846,0.890625,,,,
,701,,,,0.3179812729358673,0.89453125,,,,
,702,,,,0.40617674589157104,0.84765625,,,,
,703,,,,0.2819642126560211,0.91796875,,,,
,704,,,,0.23928262293338776,0.921875,,,,
,705,,,,0.33402174711227417,0.87109375,,,,
,706,,,,0.37111538648605347,0.8828125,,,,
,707,,,,0.3744104504585266,0.875,,,,
,708,,,,0.27975720167160034,0.90234375,,,,
,709,,,,0.39561015367507935,0.89453125,,,,
,710,,,,0.3494691848754883,0.87109375,,,,
,711,,,,0.30621427297592163,0.890625,,,,
,712,,,,0.2941773533821106,0.890625,,,,
,713,,,,0.4198036193847656,0.890625,,,,
,714,,,,0.2999659776687622,0.90234375,,,,
,715,,,,0.31649425625801086,0.9140625,,,,
,716,,,,0.3451192080974579,0.89453125,,,,
,717,,,,0.2563319802284241,0.91796875,,,,
,718,,,,0.3140760362148285,0.91015625,,,,
,719,,,,0.4065856635570526,0.875,,,,
,3527,,,17,,,0.3339433968067169,0.8937000036239624,,
,3527,,,17,,,,,0.23690742254257202,0.918179988861084
0.13721005450983653,3549,,,,,,,,,
,3549,0.18814264237880707,0.94140625,18,,,,,,
0.13426622093305,3599,,,,,,,,,
,3599,0.21607215702533722,0.921875,18,,,,,,
0.13132238735626345,3649,,,,,,,,,
,3649,0.21380028128623962,0.9296875,18,,,,,,
0.12837855377947688,3699,,,,,,,,,
,3699,0.26673009991645813,0.91015625,18,,,,,,
,720,,,,0.3045114576816559,0.90234375,,,,
,721,,,,0.2930755913257599,0.90234375,,,,
,722,,,,0.34624913334846497,0.8828125,,,,
,723,,,,0.4322400689125061,0.859375,,,,
,724,,,,0.40773916244506836,0.87109375,,,,
,725,,,,0.24211400747299194,0.93359375,,,,
,726,,,,0.34561219811439514,0.89453125,,,,
,727,,,,0.45144158601760864,0.86328125,,,,
,728,,,,0.4164697825908661,0.8828125,,,,
,729,,,,0.4424819350242615,0.86328125,,,,
,730,,,,0.3398416042327881,0.890625,,,,
,731,,,,0.2510639727115631,0.91796875,,,,
,732,,,,0.33673691749572754,0.8828125,,,,
,733,,,,0.3102986812591553,0.890625,,,,
,734,,,,0.4277195334434509,0.87890625,,,,
,735,,,,0.29900482296943665,0.921875,,,,
,736,,,,0.3943462371826172,0.8828125,,,,
,737,,,,0.26802465319633484,0.90234375,,,,
,738,,,,0.354128360748291,0.87109375,,,,
,739,,,,0.4690450429916382,0.84765625,,,,
,740,,,,0.32985877990722656,0.8828125,,,,
,741,,,,0.38628432154655457,0.890625,,,,
,742,,,,0.3876357078552246,0.87109375,,,,
,743,,,,0.3115028142929077,0.89453125,,,,
,744,,,,0.21344467997550964,0.9296875,,,,
,745,,,,0.3509615957736969,0.8828125,,,,
,746,,,,0.28508293628692627,0.91015625,,,,
,747,,,,0.2702954113483429,0.90625,,,,
,748,,,,0.36425498127937317,0.88671875,,,,
,749,,,,0.3778077960014343,0.890625,,,,
,750,,,,0.34140273928642273,0.8828125,,,,
,751,,,,0.30672305822372437,0.90234375,,,,
,752,,,,0.3303891122341156,0.88671875,,,,
,753,,,,0.423616498708725,0.8671875,,,,
,754,,,,0.40523621439933777,0.875,,,,
,755,,,,0.29604169726371765,0.8984375,,,,
,756,,,,0.34819433093070984,0.890625,,,,
,757,,,,0.24373777210712433,0.93359375,,,,
,758,,,,0.289803683757782,0.890625,,,,
,759,,,,0.1302182674407959,0.9375,,,,
,3723,,,18,,,0.3431054353713989,0.8902000188827515,,
,3723,,,18,,,,,0.21973693370819092,0.921459972858429
0.1254347202026903,3749,,,,,,,,,
,3749,0.17935851216316223,0.93359375,19,,,,,,
0.12249088662590377,3799,,,,,,,,,
,3799,0.19708892703056335,0.9375,19,,,,,,
0.1195470530491172,3849,,,,,,,,,
,3849,0.15608935058116913,0.9375,19,,,,,,
0.11660321947233068,3899,,,,,,,,,
,3899,0.22053490579128265,0.9453125,19,,,,,,
,760,,,,0.28374552726745605,0.8984375,,,,
,761,,,,0.30061614513397217,0.875,,,,
,762,,,,0.21904252469539642,0.91015625,,,,
,763,,,,0.3168143033981323,0.88671875,,,,
,764,,,,0.39936012029647827,0.8671875,,,,
,765,,,,0.23980329930782318,0.91015625,,,,
,766,,,,0.2900509238243103,0.91015625,,,,
,767,,,,0.3840896189212799,0.890625,,,,
,768,,,,0.45216721296310425,0.859375,,,,
,769,,,,0.41984495520591736,0.890625,,,,
,770,,,,0.24275821447372437,0.91796875,,,,
,771,,,,0.2324099987745285,0.90234375,,,,
,772,,,,0.2622678577899933,0.91796875,,,,
,773,,,,0.29049158096313477,0.921875,,,,
,774,,,,0.34420183300971985,0.87890625,,,,
,775,,,,0.30206772685050964,0.91015625,,,,
,776,,,,0.2265872210264206,0.9296875,,,,
,777,,,,0.3246624767780304,0.8984375,,,,
,778,,,,0.3668256402015686,0.88671875,,,,
,779,,,,0.3116525411605835,0.90625,,,,
,780,,,,0.3310782015323639,0.88671875,,,,
,781,,,,0.3040234446525574,0.90625,,,,
,782,,,,0.2478242665529251,0.91015625,,,,
,783,,,,0.18905878067016602,0.93359375,,,,
,784,,,,0.27354711294174194,0.9140625,,,,
,785,,,,0.2662390172481537,0.89453125,,,,
,786,,,,0.30620047450065613,0.90234375,,,,
,787,,,,0.3272395431995392,0.90234375,,,,
,788,,,,0.28016987442970276,0.921875,,,,
,789,,,,0.3683494031429291,0.87890625,,,,
,790,,,,0.28041043877601624,0.91015625,,,,
,791,,,,0.25406327843666077,0.91015625,,,,
,792,,,,0.23702377080917358,0.90625,,,,
,793,,,,0.41189444065093994,0.859375,,,,
,794,,,,0.30678892135620117,0.9140625,,,,
,795,,,,0.23228392004966736,0.92578125,,,,
,796,,,,0.2996247708797455,0.88671875,,,,
,797,,,,0.26705795526504517,0.921875,,,,
,798,,,,0.31653115153312683,0.8828125,,,,
,799,,,,0.33660203218460083,0.9375,,,,
,3919,,,19,,,0.3002856373786926,0.9010000228881836,,
,3919,,,19,,,,,0.20673179626464844,0.9281200170516968
0.11365938589554411,3949,,,,,,,,,
,3949,0.1691887527704239,0.94140625,20,,,,,,
0.11071555231875754,3999,,,,,,,,,
,3999,0.2080364227294922,0.92578125,20,,,,,,
0.107771718741971,4049,,,,,,,,,
,4049,0.16447612643241882,0.9375,20,,,,,,
0.10482788516518443,4099,,,,,,,,,
,4099,0.20894689857959747,0.91796875,20,,,,,,
,800,,,,0.25955474376678467,0.9140625,,,,
,801,,,,0.2509719431400299,0.9140625,,,,
,802,,,,0.24468910694122314,0.90625,,,,
,803,,,,0.29145339131355286,0.8828125,,,,
,804,,,,0.4174821674823761,0.859375,,,,
,805,,,,0.267181932926178,0.90234375,,,,
,806,,,,0.32680752873420715,0.890625,,,,
,807,,,,0.4106830060482025,0.90234375,,,,
,808,,,,0.42632243037223816,0.87109375,,,,
,809,,,,0.34141805768013,0.890625,,,,
,810,,,,0.24827179312705994,0.921875,,,,
,811,,,,0.31762298941612244,0.89453125,,,,
,812,,,,0.3066447079181671,0.90234375,,,,
,813,,,,0.32068589329719543,0.89453125,,,,
,814,,,,0.3745926022529602,0.89453125,,,,
,815,,,,0.2807953655719757,0.89453125,,,,
,816,,,,0.17522236704826355,0.9453125,,,,
,817,,,,0.32701975107192993,0.87890625,,,,
,818,,,,0.34245213866233826,0.8984375,,,,
,819,,,,0.37714698910713196,0.8828125,,,,
,820,,,,0.2733796536922455,0.9140625,,,,
,821,,,,0.291853129863739,0.88671875,,,,
,822,,,,0.2968443036079407,0.8984375,,,,
,823,,,,0.23779445886611938,0.91796875,,,,
,824,,,,0.20143373310565948,0.9453125,,,,
,825,,,,0.3013228476047516,0.90625,,,,
,826,,,,0.32137101888656616,0.91796875,,,,
,827,,,,0.334102064371109,0.90625,,,,
,828,,,,0.2891208231449127,0.9140625,,,,
,829,,,,0.42278414964675903,0.8671875,,,,
,830,,,,0.30940675735473633,0.8828125,,,,
,831,,,,0.3137780725955963,0.90234375,,,,
,832,,,,0.268352746963501,0.90234375,,,,
,833,,,,0.40915027260780334,0.86328125,,,,
,834,,,,0.32367485761642456,0.88671875,,,,
,835,,,,0.2691713273525238,0.91796875,,,,
,836,,,,0.3461945652961731,0.875,,,,
,837,,,,0.2898049056529999,0.90625,,,,
,838,,,,0.30673813819885254,0.91796875,,,,
,839,,,,0.44413524866104126,0.875,,,,
,4115,,,20,,,0.31081098318099976,0.8992000222206116,,
,4115,,,20,,,,,0.19469517469406128,0.9308000206947327
0.10188405158839789,4149,,,,,,,,,
,4149,0.20943306386470795,0.9375,21,,,,,,
0.09894021801161132,4199,,,,,,,,,
,4199,0.16238413751125336,0.953125,21,,,,,,
0.09599638443482478,4249,,,,,,,,,
,4249,0.16967308521270752,0.94140625,21,,,,,,
0.09305255085803821,4299,,,,,,,,,
,4299,0.2124418169260025,0.91015625,21,,,,,,
,840,,,,0.27044710516929626,0.90234375,,,,
,841,,,,0.27188417315483093,0.8984375,,,,
,842,,,,0.2847558557987213,0.8828125,,,,
,843,,,,0.34118807315826416,0.88671875,,,,
,844,,,,0.4104665219783783,0.87890625,,,,
,845,,,,0.31063413619995117,0.8984375,,,,
,846,,,,0.3023093640804291,0.8984375,,,,
,847,,,,0.39208897948265076,0.8515625,,,,
,848,,,,0.4516589045524597,0.87890625,,,,
,849,,,,0.39072689414024353,0.890625,,,,
,850,,,,0.29363584518432617,0.8984375,,,,
,851,,,,0.33977383375167847,0.88671875,,,,
,852,,,,0.2672871947288513,0.89453125,,,,
,853,,,,0.28367775678634644,0.90625,,,,
,854,,,,0.3521459102630615,0.88671875,,,,
,855,,,,0.2782944142818451,0.91015625,,,,
,856,,,,0.2928754389286041,0.91796875,,,,
,857,,,,0.31958478689193726,0.89453125,,,,
,858,,,,0.317007839679718,0.8984375,,,,
,859,,,,0.39068537950515747,0.890625,,,,
,860,,,,0.3120422959327698,0.90234375,,,,
,861,,,,0.5066885352134705,0.859375,,,,
,862,,,,0.29361969232559204,0.90234375,,,,
,863,,,,0.4167437255382538,0.86328125,,,,
,864,,,,0.2855883538722992,0.921875,,,,
,865,,,,0.33341774344444275,0.8984375,,,,
,866,,,,0.3363075852394104,0.89453125,,,,
,867,,,,0.3121439814567566,0.91015625,,,,
,868,,,,0.23580703139305115,0.921875,,,,
,869,,,,0.359683096408844,0.87890625,,,,
,870,,,,0.32896092534065247,0.88671875,,,,
,871,,,,0.31984981894493103,0.89453125,,,,
,872,,,,0.24941493570804596,0.9140625,,,,
,873,,,,0.40591198205947876,0.8515625,,,,
,874,,,,0.33270710706710815,0.90234375,,,,
,875,,,,0.3165395259857178,0.90625,,,,
,876,,,,0.4173688590526581,0.8828125,,,,
,877,,,,0.24074305593967438,0.9140625,,,,
,878,,,,0.3477856516838074,0.875,,,,
,879,,,,0.2921797037124634,0.9375,,,,
,4311,,,21,,,0.3310263156890869,0.8931999802589417,,
,4311,,,21,,,,,0.1855885535478592,0.9351999759674072
0.09010871728125164,4349,,,,,,,,,
,4349,0.15837915241718292,0.94140625,22,,,,,,
0.0871648837044651,4399,,,,,,,,,
,4399,0.17763760685920715,0.94140625,22,,,,,,
0.08422105012767855,4449,,,,,,,,,
,4449,0.24282538890838623,0.90625,22,,,,,,
0.08127721655089201,4499,,,,,,,,,
,4499,0.16624999046325684,0.94921875,22,,,,,,
,880,,,,0.26358675956726074,0.90625,,,,
,881,,,,0.23565219342708588,0.90234375,,,,
,882,,,,0.23949168622493744,0.921875,,,,
,883,,,,0.3081670105457306,0.890625,,,,
,884,,,,0.3557853102684021,0.88671875,,,,
,885,,,,0.22758394479751587,0.8984375,,,,
,886,,,,0.3301467299461365,0.91015625,,,,
,887,,,,0.4057556688785553,0.87109375,,,,
,888,,,,0.42445892095565796,0.87890625,,,,
,889,,,,0.34832555055618286,0.8984375,,,,
,890,,,,0.2944034934043884,0.90625,,,,
,891,,,,0.30707889795303345,0.91796875,,,,
,892,,,,0.2977711260318756,0.90625,,,,
,893,,,,0.27981722354888916,0.92578125,,,,
,894,,,,0.3450162708759308,0.8828125,,,,
,895,,,,0.31959250569343567,0.91796875,,,,
,896,,,,0.24844108521938324,0.9296875,,,,
,897,,,,0.3719431459903717,0.90234375,,,,
,898,,,,0.30502381920814514,0.87890625,,,,
,899,,,,0.3929751217365265,0.875,,,,
,900,,,,0.3698028028011322,0.87890625,,,,
,901,,,,0.37168458104133606,0.89453125,,,,
,902,,,,0.33401817083358765,0.90234375,,,,
,903,,,,0.22164495289325714,0.91796875,,,,
,904,,,,0.2150556445121765,0.9296875,,,,
,905,,,,0.26773709058761597,0.9140625,,,,
,906,,,,0.33070769906044006,0.90625,,,,
,907,,,,0.39861831068992615,0.89453125,,,,
,908,,,,0.32458773255348206,0.90234375,,,,
,909,,,,0.2951830327510834,0.90625,,,,
,910,,,,0.2964142858982086,0.8984375,,,,
,911,,,,0.28824010491371155,0.890625,,,,
,912,,,,0.25959092378616333,0.90234375,,,,
,913,,,,0.44974035024642944,0.87890625,,,,
,914,,,,0.2767893075942993,0.9140625,,,,
,915,,,,0.29481127858161926,0.9296875,,,,
,916,,,,0.2943798899650574,0.90625,,,,
,917,,,,0.249346062541008,0.91015625,,,,
,918,,,,0.34822046756744385,0.890625,,,,
,919,,,,0.36317944526672363,0.9375,,,,
,4507,,,22,,,0.31258341670036316,0.9020000100135803,,
,4507,,,22,,,,,0.1685284823179245,0.9408599734306335
0.07833338297410544,4549,,,,,,,,,
,4549,0.1068916991353035,0.94921875,23,,,,,,
0.0753895493973189,4599,,,,,,,,,
,4599,0.17846453189849854,0.94140625,23,,,,,,
0.07244571582053233,4649,,,,,,,,,
,4649,0.15209785103797913,0.9453125,23,,,,,,
0.06950188224374576,4699,,,,,,,,,
,4699,0.15159806609153748,0.94140625,23,,,,,,
,920,,,,0.3882558345794678,0.8828125,,,,
,921,,,,0.23211722075939178,0.94140625,,,,
,922,,,,0.2602789103984833,0.91015625,,,,
,923,,,,0.3907037079334259,0.90625,,,,
,924,,,,0.4870777428150177,0.87890625,,,,
,925,,,,0.30745550990104675,0.9140625,,,,
,926,,,,0.22632238268852234,0.92578125,,,,
,927,,,,0.38710159063339233,0.890625,,,,
,928,,,,0.4255301356315613,0.83984375,,,,
,929,,,,0.3624945282936096,0.87890625,,,,
,930,,,,0.29902270436286926,0.91796875,,,,
,931,,,,0.3062905967235565,0.91015625,,,,
,932,,,,0.3357812464237213,0.8828125,,,,
,933,,,,0.36499640345573425,0.89453125,,,,
,934,,,,0.3321290612220764,0.90625,,,,
,935,,,,0.33770111203193665,0.88671875,,,,
,936,,,,0.29078903794288635,0.9296875,,,,
,937,,,,0.2834814488887787,0.88671875,,,,
,938,,,,0.3343803286552429,0.88671875,,,,
,939,,,,0.3778512477874756,0.90234375,,,,
,940,,,,0.2877127230167389,0.890625,,,,
,941,,,,0.2922508120536804,0.8984375,,,,
,942,,,,0.4240180253982544,0.8828125,,,,
,943,,,,0.2055438905954361,0.9375,,,,
,944,,,,0.2437828630208969,0.9140625,,,,
,945,,,,0.26784056425094604,0.91796875,,,,
,946,,,,0.3310107886791229,0.8828125,,,,
,947,,,,0.32083868980407715,0.90234375,,,,
,948,,,,0.30136680603027344,0.90625,,,,
,949,,,,0.2916065454483032,0.8984375,,,,
,950,,,,0.32553189992904663,0.91015625,,,,
,951,,,,0.29707273840904236,0.90625,,,,
,952,,,,0.2677343487739563,0.8984375,,,,
,953,,,,0.4438871145248413,0.8671875,,,,
,954,,,,0.32325100898742676,0.921875,,,,
,955,,,,0.3041417896747589,0.91796875,,,,
,956,,,,0.37290266156196594,0.8828125,,,,
,957,,,,0.27077269554138184,0.921875,,,,
,958,,,,0.2515706717967987,0.90625,,,,
,959,,,,0.3058006167411804,0.9375,,,,
,4703,,,23,,,0.32183578610420227,0.9010000228881836,,
,4703,,,23,,,,,0.15187257528305054,0.9466599822044373
0.06655804866695922,4749,,,,,,,,,
,4749,0.07929515838623047,0.97265625,24,,,,,,
0.06361421509017265,4799,,,,,,,,,
,4799,0.15046192705631256,0.94921875,24,,,,,,
0.06067038151338611,4849,,,,,,,,,
,4849,0.10196351259946823,0.9765625,24,,,,,,
0.05772654793659954,4899,,,,,,,,,
,4899,0.11273400485515594,0.949999988079071,24,,,,,,
,960,,,,0.2610425353050232,0.90234375,,,,
,961,,,,0.18093498051166534,0.9375,,,,
,962,,,,0.17643508315086365,0.94140625,,,,
,963,,,,0.2923252582550049,0.9140625,,,,
,964,,,,0.42389050126075745,0.87109375,,,,
,965,,,,0.2012287974357605,0.93359375,,,,
,966,,,,0.25994637608528137,0.9296875,,,,
,967,,,,0.3403133451938629,0.921875,,,,
,968,,,,0.3378024101257324,0.8984375,,,,
,969,,,,0.33409228920936584,0.9140625,,,,
,970,,,,0.2709490954875946,0.94140625,,,,
,971,,,,0.22415447235107422,0.9375,,,,
,972,,,,0.3066823482513428,0.90234375,,,,
,973,,,,0.25417444109916687,0.91796875,,,,
,974,,,,0.3832519054412842,0.8984375,,,,
,975,,,,0.2650110423564911,0.9140625,,,,
,976,,,,0.2104473114013672,0.9296875,,,,
,977,,,,0.20388257503509521,0.93359375,,,,
,978,,,,0.35381102561950684,0.90234375,,,,
,979,,,,0.33375057578086853,0.90625,,,,
,980,,,,0.2504357397556305,0.90234375,,,,
,981,,,,0.2696002125740051,0.90625,,,,
,982,,,,0.2447001338005066,0.9140625,,,,
,983,,,,0.17016112804412842,0.9453125,,,,
,984,,,,0.2352137416601181,0.9375,,,,
,985,,,,0.22516272962093353,0.90625,,,,
,986,,,,0.29225608706474304,0.90234375,,,,
,987,,,,0.3438217341899872,0.90234375,,,,
,988,,,,0.25586456060409546,0.92578125,,,,
,989,,,,0.283750057220459,0.90625,,,,
,990,,,,0.23142555356025696,0.9140625,,,,
,991,,,,0.22158846259117126,0.921875,,,,
,992,,,,0.24859899282455444,0.9140625,,,,
,993,,,,0.3747975528240204,0.8828125,,,,
,994,,,,0.2913244068622589,0.9140625,,,,
,995,,,,0.23119114339351654,0.94140625,,,,
,996,,,,0.267808735370636,0.91796875,,,,
,997,,,,0.2729957103729248,0.92578125,,,,
,998,,,,0.23212257027626038,0.9140625,,,,
,999,,,,0.17892049252986908,0.9375,,,,
,4899,,,24,,,0.2705440819263458,0.9164999723434448,,
,4899,,,24,,,,,0.13430756330490112,0.9522600173950195
0.054782714359812995,4949,,,,,,,,,
,4949,0.09625566750764847,0.96484375,25,,,,,,
0.051838880783026425,4999,,,,,,,,,
,4999,0.06852302700281143,0.984375,25,,,,,,
0.04889504720623988,5049,,,,,,,,,
,5049,0.07013697922229767,0.9765625,25,,,,,,
,1000,,,,0.2854994833469391,0.90234375,,,,
,1001,,,,0.23135098814964294,0.9375,,,,
,1002,,,,0.15183019638061523,0.94921875,,,,
,1003,,,,0.3951578140258789,0.87109375,,,,
,1004,,,,0.3955058455467224,0.87109375,,,,
,1005,,,,0.1924336701631546,0.9296875,,,,
,1006,,,,0.24082288146018982,0.94140625,,,,
,1007,,,,0.36179405450820923,0.91015625,,,,
,1008,,,,0.47152337431907654,0.87890625,,,,
,1009,,,,0.37528616189956665,0.8984375,,,,
,1010,,,,0.2682075798511505,0.92578125,,,,
,1011,,,,0.22265824675559998,0.92578125,,,,
,1012,,,,0.2613827586174011,0.921875,,,,
,1013,,,,0.2723400890827179,0.91796875,,,,
,1014,,,,0.25743192434310913,0.91796875,,,,
,1015,,,,0.25791049003601074,0.9140625,,,,
,1016,,,,0.21063531935214996,0.94921875,,,,
,1017,,,,0.2606029808521271,0.9453125,,,,
,1018,,,,0.2989897131919861,0.91015625,,,,
,1019,,,,0.2979935109615326,0.9140625,,,,
,1020,,,,0.23780614137649536,0.92578125,,,,
,1021,,,,0.2445198893547058,0.92578125,,,,
,1022,,,,0.36892855167388916,0.8984375,,,,
,1023,,,,0.1677006632089615,0.94921875,,,,
,1024,,,,0.22213098406791687,0.9453125,,,,
,1025,,,,0.2560243606567383,0.91796875,,,,
,1026,,,,0.29058730602264404,0.90625,,,,
,1027,,,,0.33398082852363586,0.91015625,,,,
,1028,,,,0.27152591943740845,0.9296875,,,,
,1029,,,,0.2844908833503723,0.91796875,,,,
,1030,,,,0.28260985016822815,0.91796875,,,,
,1031,,,,0.20418986678123474,0.9375,,,,
,1032,,,,0.22207164764404297,0.9296875,,,,
,1033,,,,0.36133497953414917,0.90234375,,,,
,1034,,,,0.2586689889431,0.92578125,,,,
,1035,,,,0.2849041819572449,0.91796875,,,,
,1036,,,,0.26845699548721313,0.9140625,,,,
,1037,,,,0.22672264277935028,0.9296875,,,,
,1038,,,,0.26366496086120605,0.921875,,,,
,1039,,,,0.3443545997142792,0.875,,,,
,5095,,,25,,,0.2759987413883209,0.9193000197410583,,
,5095,,,25,,,,,0.1195545345544815,0.9576600193977356
0.04595121362945334,5099,,,,,,,,,
,5099,0.14652447402477264,0.94921875,26,,,,,,
0.04300738005266677,5149,,,,,,,,,
,5149,0.09497418999671936,0.97265625,26,,,,,,
0.04006354647588023,5199,,,,,,,,,
,5199,0.06433684378862381,0.98046875,26,,,,,,
0.03711971289909366,5249,,,,,,,,,
,5249,0.07364001870155334,0.97265625,26,,,,,,
,1040,,,,0.1976340115070343,0.93359375,,,,
,1041,,,,0.21710854768753052,0.9375,,,,
,1042,,,,0.17615510523319244,0.94140625,,,,
,1043,,,,0.31766021251678467,0.8984375,,,,
,1044,,,,0.34049952030181885,0.8984375,,,,
,1045,,,,0.1515648365020752,0.94921875,,,,
,1046,,,,0.2419007420539856,0.93359375,,,,
,1047,,,,0.28317004442214966,0.90234375,,,,
,1048,,,,0.3840612769126892,0.91015625,,,,
,1049,,,,0.3243826627731323,0.921875,,,,
,1050,,,,0.2842700183391571,0.921875,,,,
,1051,,,,0.22866657376289368,0.9375,,,,
,1052,,,,0.26334601640701294,0.91796875,,,,
,1053,,,,0.1670568287372589,0.93359375,,,,
,1054,,,,0.3289060890674591,0.91015625,,,,
,1055,,,,0.2493484914302826,0.91015625,,,,
,1056,,,,0.19444942474365234,0.94140625,,,,
,1057,,,,0.28771352767944336,0.91796875,,,,
,1058,,,,0.3129369914531708,0.90625,,,,
,1059,,,,0.33842384815216064,0.90234375,,,,
,1060,,,,0.20899443328380585,0.91015625,,,,
,1061,,,,0.2967616021633148,0.89453125,,,,
,1062,,,,0.25657621026039124,0.91796875,,,,
,1063,,,,0.19280770421028137,0.94140625,,,,
,1064,,,,0.21519921720027924,0.9375,,,,
,1065,,,,0.26379629969596863,0.90234375,,,,
,1066,,,,0.2557535767555237,0.93359375,,,,
,1067,,,,0.29928895831108093,0.921875,,,,
,1068,,,,0.24488215148448944,0.9375,,,,
,1069,,,,0.2607201933860779,0.91015625,,,,
,1070,,,,0.21080969274044037,0.93359375,,,,
,1071,,,,0.2499009668827057,0.91796875,,,,
,1072,,,,0.2348649948835373,0.94140625,,,,
,1073,,,,0.39532044529914856,0.90234375,,,,
,1074,,,,0.21305914223194122,0.94140625,,,,
,1075,,,,0.21661438047885895,0.94140625,,,,
,1076,,,,0.3067878186702728,0.89453125,,,,
,1077,,,,0.207467183470726,0.94140625,,,,
,1078,,,,0.257241427898407,0.91796875,,,,
,1079,,,,0.383449912071228,0.9375,,,,
,5291,,,26,,,0.25856173038482666,0.9222000241279602,,
,5291,,,26,,,,,0.10335864126682281,0.9643399715423584
0.03417587932230709,5299,,,,,,,,,
,5299,0.12162260711193085,0.953125,27,,,,,,
0.031232045745520548,5349,,,,,,,,,
,5349,0.07164234668016434,0.95703125,27,,,,,,
0.028288212168733978,5399,,,,,,,,,
,5399,0.06783254444599152,0.9765625,27,,,,,,
0.025344378591947436,5449,,,,,,,,,
,5449,0.051983848214149475,0.98046875,27,,,,,,
,1080,,,,0.17565901577472687,0.9375,,,,
,1081,,,,0.19502127170562744,0.94140625,,,,
,1082,,,,0.19580784440040588,0.93359375,,,,
,1083,,,,0.3537551760673523,0.91015625,,,,
,1084,,,,0.31869345903396606,0.88671875,,,,
,1085,,,,0.16834600269794464,0.9453125,,,,
,1086,,,,0.253255695104599,0.9296875,,,,
,1087,,,,0.32845643162727356,0.90234375,,,,
,1088,,,,0.40916764736175537,0.90234375,,,,
,1089,,,,0.33227798342704773,0.91796875,,,,
,1090,,,,0.28678253293037415,0.91796875,,,,
,1091,,,,0.2428860366344452,0.9375,,,,
,1092,,,,0.2793307900428772,0.90625,,,,
,1093,,,,0.25375378131866455,0.921875,,,,
,1094,,,,0.30980053544044495,0.92578125,,,,
,1095,,,,0.23883385956287384,0.9296875,,,,
,1096,,,,0.2063598334789276,0.9453125,,,,
,1097,,,,0.2569187879562378,0.9296875,,,,
,1098,,,,0.3130303621292114,0.890625,,,,
,1099,,,,0.35605108737945557,0.90625,,,,
,1100,,,,0.2321752905845642,0.921875,,,,
,1101,,,,0.3257250189781189,0.90625,,,,
,1102,,,,0.27501192688941956,0.92578125,,,,
,1103,,,,0.19432152807712555,0.94140625,,,,
,1104,,,,0.23359309136867523,0.9375,,,,
,1105,,,,0.27755340933799744,0.8828125,,,,
,1106,,,,0.2030060589313507,0.9296875,,,,
,1107,,,,0.32828500866889954,0.9140625,,,,
,1108,,,,0.18765217065811157,0.95703125,,,,
,1109,,,,0.26801517605781555,0.90234375,,,,
,1110,,,,0.22920021414756775,0.94140625,,,,
,1111,,,,0.15259510278701782,0.9453125,,,,
,1112,,,,0.21401147544384003,0.93359375,,,,
,1113,,,,0.3011161983013153,0.90625,,,,
,1114,,,,0.22530579566955566,0.9453125,,,,
,1115,,,,0.1780739426612854,0.9453125,,,,
,1116,,,,0.30401796102523804,0.91796875,,,,
,1117,,,,0.25499552488327026,0.94140625,,,,
,1118,,,,0.24943535029888153,0.91796875,,,,
,1119,,,,0.40502873063087463,0.9375,,,,
,5487,,,27,,,0.2594200074672699,0.9239000082015991,,
,5487,,,27,,,,,0.08332470059394836,0.9710599780082703
0.022400545015160866,5499,,,,,,,,,
,5499,0.0564592182636261,0.98046875,28,,,,,,
0.019456711438374352,5549,,,,,,,,,
,5549,0.06307967007160187,0.98828125,28,,,,,,
0.016512877861587782,5599,,,,,,,,,
,5599,0.03899288550019264,0.9921875,28,,,,,,
0.013569044284801213,5649,,,,,,,,,
,5649,0.05569339916110039,0.984375,28,,,,,,
,1120,,,,0.23509550094604492,0.9140625,,,,
,1121,,,,0.1895037144422531,0.9296875,,,,
,1122,,,,0.1322254091501236,0.94921875,,,,
,1123,,,,0.2819807529449463,0.9296875,,,,
,1124,,,,0.29851144552230835,0.90234375,,,,
,1125,,,,0.1243707537651062,0.96484375,,,,
,1126,,,,0.2537407875061035,0.9296875,,,,
,1127,,,,0.3246273398399353,0.90234375,,,,
,1128,,,,0.3906148076057434,0.9140625,,,,
,1129,,,,0.2756574749946594,0.9375,,,,
,1130,,,,0.2482922226190567,0.9375,,,,
,1131,,,,0.20846669375896454,0.94921875,,,,
,1132,,,,0.23113007843494415,0.91015625,,,,
,1133,,,,0.23134128749370575,0.9375,,,,
,1134,,,,0.2875675559043884,0.9140625,,,,
,1135,,,,0.2147759050130844,0.9453125,,,,
,1136,,,,0.19030559062957764,0.953125,,,,
,1137,,,,0.22895923256874084,0.9453125,,,,
,1138,,,,0.2809883654117584,0.90625,,,,
,1139,,,,0.3146715760231018,0.9296875,,,,
,1140,,,,0.1630898416042328,0.94140625,,,,
,1141,,,,0.24794907867908478,0.92578125,,,,
,1142,,,,0.25655800104141235,0.921875,,,,
,1143,,,,0.1652338206768036,0.9375,,,,
,1144,,,,0.1922665387392044,0.94921875,,,,
,1145,,,,0.23330183327198029,0.9140625,,,,
,1146,,,,0.18542692065238953,0.921875,,,,
,1147,,,,0.30914029479026794,0.92578125,,,,
,1148,,,,0.20741501450538635,0.95703125,,,,
,1149,,,,0.24643830955028534,0.92578125,,,,
,1150,,,,0.20158356428146362,0.9375,,,,
,1151,,,,0.16251590847969055,0.94921875,,,,
,1152,,,,0.1636759638786316,0.95703125,,,,
,1153,,,,0.2843388319015503,0.91796875,,,,
,1154,,,,0.2081879824399948,0.953125,,,,
,1155,,,,0.17103637754917145,0.9453125,,,,
,1156,,,,0.2782454192638397,0.9296875,,,,
,1157,,,,0.2044624537229538,0.94921875,,,,
,1158,,,,0.20552054047584534,0.91796875,,,,
,1159,,,,0.4636060893535614,0.9375,,,,
,5683,,,28,,,0.23188960552215576,0.9327999949455261,,
,5683,,,28,,,,,0.06567621231079102,0.977620005607605
0.010625210708014643,5699,,,,,,,,,
,5699,0.06579609215259552,0.98046875,29,,,,,,
0.007681377131228073,5749,,,,,,,,,
,5749,0.028039854019880295,0.9921875,29,,,,,,
0.004737543554441559,5799,,,,,,,,,
,5799,0.08549029380083084,0.97265625,29,,,,,,
0.0017937099776549892,5849,,,,,,,,,
,5849,0.025989200919866562,0.98828125,29,,,,,,
,1160,,,,0.1941877156496048,0.91796875,,,,
,1161,,,,0.18342742323875427,0.94140625,,,,
,1162,,,,0.14551270008087158,0.94140625,,,,
,1163,,,,0.281044602394104,0.921875,,,,
,1164,,,,0.30025210976600647,0.890625,,,,
,1165,,,,0.12697477638721466,0.9609375,,,,
,1166,,,,0.2568235993385315,0.9296875,,,,
,1167,,,,0.3269553482532501,0.9140625,,,,
,1168,,,,0.3860597312450409,0.921875,,,,
,1169,,,,0.2876013219356537,0.9296875,,,,
,1170,,,,0.23464398086071014,0.94140625,,,,
,1171,,,,0.2236623466014862,0.94140625,,,,
,1172,,,,0.21300186216831207,0.9296875,,,,
,1173,,,,0.20957878232002258,0.9375,,,,
,1174,,,,0.2872661054134369,0.92578125,,,,
,1175,,,,0.20455163717269897,0.9453125,,,,
,1176,,,,0.1892961710691452,0.95703125,,,,
,1177,,,,0.2185957282781601,0.93359375,,,,
,1178,,,,0.2960912883281708,0.921875,,,,
,1179,,,,0.29596054553985596,0.9375,,,,
,1180,,,,0.2046227753162384,0.92578125,,,,
,1181,,,,0.25475576519966125,0.9375,,,,
,1182,,,,0.24909569323062897,0.91796875,,,,
,1183,,,,0.1545707732439041,0.9296875,,,,
,1184,,,,0.17705339193344116,0.9609375,,,,
,1185,,,,0.22906680405139923,0.9140625,,,,
,1186,,,,0.193491131067276,0.9296875,,,,
,1187,,,,0.3075729012489319,0.92578125,,,,
,1188,,,,0.18359816074371338,0.95703125,,,,
,1189,,,,0.251565545797348,0.921875,,,,
,1190,,,,0.17902548611164093,0.94140625,,,,
,1191,,,,0.1748003214597702,0.9453125,,,,
,1192,,,,0.1674002707004547,0.9453125,,,,
,1193,,,,0.3135567009449005,0.9140625,,,,
,1194,,,,0.18436862528324127,0.95703125,,,,
,1195,,,,0.16957831382751465,0.94140625,,,,
,1196,,,,0.2843324840068817,0.921875,,,,
,1197,,,,0.18903207778930664,0.94921875,,,,
,1198,,,,0.21549783647060394,0.91796875,,,,
,1199,,,,0.44639450311660767,0.9375,,,,
,5879,,,29,,,0.229692742228508,0.9332000017166138,,
,5879,,,29,,,,,0.05159620940685272,0.9825999736785889
